candidate_id,target,run_id,sequence_generator,source_pdb,vh,vl,target_sequence,vh_length,vl_length,target_length
samples_design_0_dldesign_0,HER2,her2_rfantibody,RFantibody_ProteinMPNN,/content/drive/MyDrive/her2_project/rfantibody_her2/outputs/extracted/samples_design_0_dldesign_0.pdb,EVQLVESGGGLVQPGGSLRLSCAASGFNFAEHYIHWVRQAPGKGLEWVARINPSTGETRYADSVKGRFTISADTSKNTAYLQMNSLRAEDTAVYYCSRSATNVWGQGTLVTVSS,DIQMTQSPSSLSASVGDRVTITCKTSSPHDGVVWYQQKPGKAPKLLIYAGTVRAPGVPSRFSGSRSGTDFTLTISSLQPEDFATYYCAVYDGSRNIVFGQGTKVEIK,DIQMTQSPSSLSASVGDRVTITCRASQDVNTAVAWYQQKPGKAPKLLIYSASFLYSGVPSRFSGSRSGTDFTLTISSLQPEDFATYYCQQHYTTPPTFGQGTKVEIKRTVAAPSVFIFPPSDEQLKSGTASVVCLLNNFYPREAKVQWKVDNALQSGNSQESVTEQDSKDSTYSLSSTLTLSKADYEKHKVYACEVTHQGLSSPVTKSFNRGEC,114,107,214
samples_design_0_dldesign_1,HER2,her2_rfantibody,RFantibody_ProteinMPNN,/content/drive/MyDrive/her2_project/rfantibody_her2/outputs/extracted/samples_design_0_dldesign_1.pdb,EVQLVESGGGLVQPGGSLRLSCAASGFDFSLHYIHWVRQAPGKGLEWVARIDPATGTTRYADSVKGRFTISADTSKNTAYLQMNSLRAEDTAVYYCSRSNTSVWGQGTLVTVSS,DIQMTQSPSSLSASVGDRVTITCKTSSPHDGVSWYQQKPGKAPKLLIYAGTTRASGVPSRFSGSRSGTDFTLTISSLQPEDFATYYCAVYDGSANIVFGQGTKVEIK,DIQMTQSPSSLSASVGDRVTITCRASQDVNTAVAWYQQKPGKAPKLLIYSASFLYSGVPSRFSGSRSGTDFTLTISSLQPEDFATYYCQQHYTTPPTFGQGTKVEIKRTVAAPSVFIFPPSDEQLKSGTASVVCLLNNFYPREAKVQWKVDNALQSGNSQESVTEQDSKDSTYSLSSTLTLSKADYEKHKVYACEVTHQGLSSPVTKSFNRGEC,114,107,214
samples_design_0_dldesign_2,HER2,her2_rfantibody,RFantibody_ProteinMPNN,/content/drive/MyDrive/her2_project/rfantibody_her2/outputs/extracted/samples_design_0_dldesign_2.pdb,EVQLVESGGGLVQPGGSLRLSCAASGFDFSLQYIHWVRQAPGKGLEWVARIDPATGTTRYADSVKGRFTISADTSKNTAYLQMNSLRAEDTAVYYCSRSNTNAWGQGTLVTVSS,DIQMTQSPSSLSASVGDRVTITCKTSSPHSGVSWYQQKPGKAPKLLIYAGTVRAPGVPSRFSGSRSGTDFTLTISSLQPEDFATYYCVVYDGSSNIVFGQGTKVEIK,DIQMTQSPSSLSASVGDRVTITCRASQDVNTAVAWYQQKPGKAPKLLIYSASFLYSGVPSRFSGSRSGTDFTLTISSLQPEDFATYYCQQHYTTPPTFGQGTKVEIKRTVAAPSVFIFPPSDEQLKSGTASVVCLLNNFYPREAKVQWKVDNALQSGNSQESVTEQDSKDSTYSLSSTLTLSKADYEKHKVYACEVTHQGLSSPVTKSFNRGEC,114,107,214
samples_design_0_dldesign_3,HER2,her2_rfantibody,RFantibody_ProteinMPNN,/content/drive/MyDrive/her2_project/rfantibody_her2/outputs/extracted/samples_design_0_dldesign_3.pdb,EVQLVESGGGLVQPGGSLRLSCAASGFDFSLHYIHWVRQAPGKGLEWVARINPATGETRYADSVKGRFTISADTSKNTAYLQMNSLRAEDTAVYYCSRSGTNVWGQGTLVTVSS,DIQMTQSPSSLSASVGDRVTITCKTSSPHDGILWYQQKPGKAPKLLIYAGTVRAPGVPSRFSGSRSGTDFTLTISSLQPEDFATYYCVAYDGSKNIVFGQGTKVEIK,DIQMTQSPSSLSASVGDRVTITCRASQDVNTAVAWYQQKPGKAPKLLIYSASFLYSGVPSRFSGSRSGTDFTLTISSLQPEDFATYYCQQHYTTPPTFGQGTKVEIKRTVAAPSVFIFPPSDEQLKSGTASVVCLLNNFYPREAKVQWKVDNALQSGNSQESVTEQDSKDSTYSLSSTLTLSKADYEKHKVYACEVTHQGLSSPVTKSFNRGEC,114,107,214
samples_design_0_dldesign_4,HER2,her2_rfantibody,RFantibody_ProteinMPNN,/content/drive/MyDrive/her2_project/rfantibody_her2/outputs/extracted/samples_design_0_dldesign_4.pdb,EVQLVESGGGLVQPGGSLRLSCAASGFNFSEHYIHWVRQAPGKGLEWVARINPSTGETRYADSVKGRFTISADTSKNTAYLQMNSLRAEDTAVYYCSRSNTNVWGQGTLVTVSS,DIQMTQSPSSLSASVGDRVTITCKTSSPHDGVSWYQQKPGKAPKLLIYSGTVRAPGVPSRFSGSRSGTDFTLTISSLQPEDFATYYCVVYDGSSNIVFGQGTKVEIK,DIQMTQSPSSLSASVGDRVTITCRASQDVNTAVAWYQQKPGKAPKLLIYSASFLYSGVPSRFSGSRSGTDFTLTISSLQPEDFATYYCQQHYTTPPTFGQGTKVEIKRTVAAPSVFIFPPSDEQLKSGTASVVCLLNNFYPREAKVQWKVDNALQSGNSQESVTEQDSKDSTYSLSSTLTLSKADYEKHKVYACEVTHQGLSSPVTKSFNRGEC,114,107,214
samples_design_0_dldesign_5,HER2,her2_rfantibody,RFantibody_ProteinMPNN,/content/drive/MyDrive/her2_project/rfantibody_her2/outputs/extracted/samples_design_0_dldesign_5.pdb,EVQLVESGGGLVQPGGSLRLSCAASGFNFADVYIHWVRQAPGKGLEWVARINPSDGSTRYADSVKGRFTISADTSKNTAYLQMNSLRAEDTAVYYCSRSNTSVWGQGTLVTVSS,DIQMTQSPSSLSASVGDRVTITCKTSSPHDGISWYQQKPGKAPKLLIYAGTVRAAGVPSRFSGSRSGTDFTLTISSLQPEDFATYYCVVYDGSENLVFGQGTKVEIK,DIQMTQSPSSLSASVGDRVTITCRASQDVNTAVAWYQQKPGKAPKLLIYSASFLYSGVPSRFSGSRSGTDFTLTISSLQPEDFATYYCQQHYTTPPTFGQGTKVEIKRTVAAPSVFIFPPSDEQLKSGTASVVCLLNNFYPREAKVQWKVDNALQSGNSQESVTEQDSKDSTYSLSSTLTLSKADYEKHKVYACEVTHQGLSSPVTKSFNRGEC,114,107,214
samples_design_0_dldesign_6,HER2,her2_rfantibody,RFantibody_ProteinMPNN,/content/drive/MyDrive/her2_project/rfantibody_her2/outputs/extracted/samples_design_0_dldesign_6.pdb,EVQLVESGGGLVQPGGSLRLSCAASGFDFSEHYIHWVRQAPGKGLEWVARIDPATGTTRYADSVKGRFTISADTSKNTAYLQMNSLRAEDTAVYYCSRSGTSVWGQGTLVTVSS,DIQMTQSPSSLSASVGDRVTITCKTSAPHDGILWYQQKPGKAPKLLIYAGTTRAPGVPSRFSGSRSGTDFTLTISSLQPEDFATYYCVVLDGSKNMVFGQGTKVEIK,DIQMTQSPSSLSASVGDRVTITCRASQDVNTAVAWYQQKPGKAPKLLIYSASFLYSGVPSRFSGSRSGTDFTLTISSLQPEDFATYYCQQHYTTPPTFGQGTKVEIKRTVAAPSVFIFPPSDEQLKSGTASVVCLLNNFYPREAKVQWKVDNALQSGNSQESVTEQDSKDSTYSLSSTLTLSKADYEKHKVYACEVTHQGLSSPVTKSFNRGEC,114,107,214
samples_design_0_dldesign_7,HER2,her2_rfantibody,RFantibody_ProteinMPNN,/content/drive/MyDrive/her2_project/rfantibody_her2/outputs/extracted/samples_design_0_dldesign_7.pdb,EVQLVESGGGLVQPGGSLRLSCAASGFNFSEHYIHWVRQAPGKGLEWVARIDPATGETRYADSVKGRFTISADTSKNTAYLQMNSLRAEDTAVYYCSRSATSAWGQGTLVTVSS,DIQMTQSPSSLSASVGDRVTITCRTSSPHDGVVWYQQKPGKAPKLLIYAGTVRAPGVPSRFSGSRSGTDFTLTISSLQPEDFATYYCVVYDGAQNIVFGQGTKVEIK,DIQMTQSPSSLSASVGDRVTITCRASQDVNTAVAWYQQKPGKAPKLLIYSASFLYSGVPSRFSGSRSGTDFTLTISSLQPEDFATYYCQQHYTTPPTFGQGTKVEIKRTVAAPSVFIFPPSDEQLKSGTASVVCLLNNFYPREAKVQWKVDNALQSGNSQESVTEQDSKDSTYSLSSTLTLSKADYEKHKVYACEVTHQGLSSPVTKSFNRGEC,114,107,214
samples_design_1_dldesign_0,HER2,her2_rfantibody,RFantibody_ProteinMPNN,/content/drive/MyDrive/her2_project/rfantibody_her2/outputs/extracted/samples_design_1_dldesign_0.pdb,EVQLVESGGGLVQPGGSLRLSCAASGFDITSVYIHWVRQAPGKGLEWVARINPATGSTRYADSVKGRFTISADTSKNTAYLQMNSLRAEDTAVYYCSRSPNGLSLTEWGQGTLVTVSS,DIQMTQSPSSLSASVGDRVTITCKTDGGDVDWYQQKPGKAPKLLIYGSNGLYPGVPSRFSGSRSGTDFTLTISSLQPEDFATYYCQSSLTAGNIRFGQGTKVEIK,DIQMTQSPSSLSASVGDRVTITCRASQDVNTAVAWYQQKPGKAPKLLIYSASFLYSGVPSRFSGSRSGTDFTLTISSLQPEDFATYYCQQHYTTPPTFGQGTKVEIKRTVAAPSVFIFPPSDEQLKSGTASVVCLLNNFYPREAKVQWKVDNALQSGNSQESVTEQDSKDSTYSLSSTLTLSKADYEKHKVYACEVTHQGLSSPVTKSFNRGEC,118,105,214
samples_design_1_dldesign_1,HER2,her2_rfantibody,RFantibody_ProteinMPNN,/content/drive/MyDrive/her2_project/rfantibody_her2/outputs/extracted/samples_design_1_dldesign_1.pdb,EVQLVESGGGLVQPGGSLRLSCAASGFDLTSVYIHWVRQAPGKGLEWVARINPATGTTRYADSVKGRFTISADTSKNTAYLQMNSLRAEDTAVYYCSRSLNGLSLDHWGQGTLVTVSS,DIQMTQSPSSLSASVGDRVTITCTTDGGDVNWYQQKPGKAPKLLIYGTNGLYSGVPSRFSGSRSGTDFTLTISSLQPEDFATYYCASTTTPGNIKFGQGTKVEIK,DIQMTQSPSSLSASVGDRVTITCRASQDVNTAVAWYQQKPGKAPKLLIYSASFLYSGVPSRFSGSRSGTDFTLTISSLQPEDFATYYCQQHYTTPPTFGQGTKVEIKRTVAAPSVFIFPPSDEQLKSGTASVVCLLNNFYPREAKVQWKVDNALQSGNSQESVTEQDSKDSTYSLSSTLTLSKADYEKHKVYACEVTHQGLSSPVTKSFNRGEC,118,105,214
samples_design_1_dldesign_2,HER2,her2_rfantibody,RFantibody_ProteinMPNN,/content/drive/MyDrive/her2_project/rfantibody_her2/outputs/extracted/samples_design_1_dldesign_2.pdb,EVQLVESGGGLVQPGGSLRLSCAASGFDLTSTYIHWVRQAPGKGLEWVARINPATGTTRYADSVKGRFTISADTSKNTAYLQMNSLRAEDTAVYYCSRSANGLTMETWGQGTLVTVSS,DIQMTQSPSSLSASVGDRVTITCSTDGGDVDWYQQKPGKAPKLLIYGSNGLYSGVPSRFSGSRSGTDFTLTISSLQPEDFATYYCASTTSPGNTRFGQGTKVEIK,DIQMTQSPSSLSASVGDRVTITCRASQDVNTAVAWYQQKPGKAPKLLIYSASFLYSGVPSRFSGSRSGTDFTLTISSLQPEDFATYYCQQHYTTPPTFGQGTKVEIKRTVAAPSVFIFPPSDEQLKSGTASVVCLLNNFYPREAKVQWKVDNALQSGNSQESVTEQDSKDSTYSLSSTLTLSKADYEKHKVYACEVTHQGLSSPVTKSFNRGEC,118,105,214
samples_design_1_dldesign_3,HER2,her2_rfantibody,RFantibody_ProteinMPNN,/content/drive/MyDrive/her2_project/rfantibody_her2/outputs/extracted/samples_design_1_dldesign_3.pdb,EVQLVESGGGLVQPGGSLRLSCAASGFDLSSVYIHWVRQAPGKGLEWVARINPATGTTRYADSVKGRFTISADTSKNTAYLQMNSLRAEDTAVYYCSRSLNGLSLDVWGQGTLVTVSS,DIQMTQSPSSLSASVGDRVTITCKTDGGDVDWYQQKPGKAPKLLIYGSNALYPGVPSRFSGSRSGTDFTLTISSLQPEDFATYYCAHSLSPGNIKFGQGTKVEIK,DIQMTQSPSSLSASVGDRVTITCRASQDVNTAVAWYQQKPGKAPKLLIYSASFLYSGVPSRFSGSRSGTDFTLTISSLQPEDFATYYCQQHYTTPPTFGQGTKVEIKRTVAAPSVFIFPPSDEQLKSGTASVVCLLNNFYPREAKVQWKVDNALQSGNSQESVTEQDSKDSTYSLSSTLTLSKADYEKHKVYACEVTHQGLSSPVTKSFNRGEC,118,105,214
samples_design_1_dldesign_4,HER2,her2_rfantibody,RFantibody_ProteinMPNN,/content/drive/MyDrive/her2_project/rfantibody_her2/outputs/extracted/samples_design_1_dldesign_4.pdb,EVQLVESGGGLVQPGGSLRLSCAASGFDLSSTYIHWVRQAPGKGLEWVARINPATGTTRYADSVKGRFTISADTSKNTAYLQMNSLRAEDTAVYYCSRSLNGFSLSHWGQGTLVTVSS,DIQMTQSPSSLSASVGDRVTITCKTDAGDVDWYQQKPGKAPKLLIYGSNALYPGVPSRFSGSRSGTDFTLTISSLQPEDFATYYCAHTRSAGNTVFGQGTKVEIK,DIQMTQSPSSLSASVGDRVTITCRASQDVNTAVAWYQQKPGKAPKLLIYSASFLYSGVPSRFSGSRSGTDFTLTISSLQPEDFATYYCQQHYTTPPTFGQGTKVEIKRTVAAPSVFIFPPSDEQLKSGTASVVCLLNNFYPREAKVQWKVDNALQSGNSQESVTEQDSKDSTYSLSSTLTLSKADYEKHKVYACEVTHQGLSSPVTKSFNRGEC,118,105,214
samples_design_1_dldesign_5,HER2,her2_rfantibody,RFantibody_ProteinMPNN,/content/drive/MyDrive/her2_project/rfantibody_her2/outputs/extracted/samples_design_1_dldesign_5.pdb,EVQLVESGGGLVQPGGSLRLSCAASGFDITSVYIHWVRQAPGKGLEWVARINPATGTTRYADSVKGRFTISADTSKNTAYLQMNSLRAEDTAVYYCSRSLNGLSMDVWGQGTLVTVSS,DIQMTQSPSSLSASVGDRVTITCKTDGGDVDWYQQKPGKAPKLLIYGSNSLYPGVPSRFSGSRSGTDFTLTISSLQPEDFATYYCAHTRSSGNIRFGQGTKVEIK,DIQMTQSPSSLSASVGDRVTITCRASQDVNTAVAWYQQKPGKAPKLLIYSASFLYSGVPSRFSGSRSGTDFTLTISSLQPEDFATYYCQQHYTTPPTFGQGTKVEIKRTVAAPSVFIFPPSDEQLKSGTASVVCLLNNFYPREAKVQWKVDNALQSGNSQESVTEQDSKDSTYSLSSTLTLSKADYEKHKVYACEVTHQGLSSPVTKSFNRGEC,118,105,214
samples_design_1_dldesign_6,HER2,her2_rfantibody,RFantibody_ProteinMPNN,/content/drive/MyDrive/her2_project/rfantibody_her2/outputs/extracted/samples_design_1_dldesign_6.pdb,EVQLVESGGGLVQPGGSLRLSCAASGFDLSSTYIHWVRQAPGKGLEWVARINPATGTTRYADSVKGRFTISADTSKNTAYLQMNSLRAEDTAVYYCSRSPNGLSMTHWGQGTLVTVSS,DIQMTQSPSSLSASVGDRVTITCKTDAGDVDWYQQKPGKAPKLLIYGSNGLYSGVPSRFSGSRSGTDFTLTISSLQPEDFATYYCANTTSSGNIKFGQGTKVEIK,DIQMTQSPSSLSASVGDRVTITCRASQDVNTAVAWYQQKPGKAPKLLIYSASFLYSGVPSRFSGSRSGTDFTLTISSLQPEDFATYYCQQHYTTPPTFGQGTKVEIKRTVAAPSVFIFPPSDEQLKSGTASVVCLLNNFYPREAKVQWKVDNALQSGNSQESVTEQDSKDSTYSLSSTLTLSKADYEKHKVYACEVTHQGLSSPVTKSFNRGEC,118,105,214
samples_design_1_dldesign_7,HER2,her2_rfantibody,RFantibody_ProteinMPNN,/content/drive/MyDrive/her2_project/rfantibody_her2/outputs/extracted/samples_design_1_dldesign_7.pdb,EVQLVESGGGLVQPGGSLRLSCAASGFDFSSVYIHWVRQAPGKGLEWVARINPATGTTRYADSVKGRFTISADTSKNTAYLQMNSLRAEDTAVYYCSRSLNGYSLDVWGQGTLVTVSS,DIQMTQSPSSLSASVGDRVTITCKTDAGDVDWYQQKPGKAPKLLIYGSNGLYPGVPSRFSGSRSGTDFTLTISSLQPEDFATYYCVHSRSPGNIKFGQGTKVEIK,DIQMTQSPSSLSASVGDRVTITCRASQDVNTAVAWYQQKPGKAPKLLIYSASFLYSGVPSRFSGSRSGTDFTLTISSLQPEDFATYYCQQHYTTPPTFGQGTKVEIKRTVAAPSVFIFPPSDEQLKSGTASVVCLLNNFYPREAKVQWKVDNALQSGNSQESVTEQDSKDSTYSLSSTLTLSKADYEKHKVYACEVTHQGLSSPVTKSFNRGEC,118,105,214
samples_design_2_dldesign_0,HER2,her2_rfantibody,RFantibody_ProteinMPNN,/content/drive/MyDrive/her2_project/rfantibody_her2/outputs/extracted/samples_design_2_dldesign_0.pdb,EVQLVESGGGLVQPGGSLRLSCAASGMDLTSTYIHWVRQAPGKGLEWVARINPATGETRYADSVKGRFTISADTSKNTAYLQMNSLRAEDTAVYYCSRGSFMEVWGQGTLVTVSS,DIQMTQSPSSLSASVGDRVTITCKTSSVDDAIAWYQQKPGKAPKLLIYNASFRVSGVPSRFSGSRSGTDFTLTISSLQPEDFATYYCVSHGDPSNPYSFGQGTKVEIK,DIQMTQSPSSLSASVGDRVTITCRASQDVNTAVAWYQQKPGKAPKLLIYSASFLYSGVPSRFSGSRSGTDFTLTISSLQPEDFATYYCQQHYTTPPTFGQGTKVEIKRTVAAPSVFIFPPSDEQLKSGTASVVCLLNNFYPREAKVQWKVDNALQSGNSQESVTEQDSKDSTYSLSSTLTLSKADYEKHKVYACEVTHQGLSSPVTKSFNRGEC,115,108,214
samples_design_2_dldesign_1,HER2,her2_rfantibody,RFantibody_ProteinMPNN,/content/drive/MyDrive/her2_project/rfantibody_her2/outputs/extracted/samples_design_2_dldesign_1.pdb,EVQLVESGGGLVQPGGSLRLSCAASGFDLTSTYIHWVRQAPGKGLEWVARINPATGATRYADSVKGRFTISADTSKNTAYLQMNSLRAEDTAVYYCSRGSFMETWGQGTLVTVSS,DIQMTQSPSSLSASVGDRVTITCKTSTTDSAISWYQQKPGKAPKLLIYSASFRVSGVPSRFSGSRSGTDFTLTISSLQPEDFATYYCVSHGDTSHPYSFGQGTKVEIK,DIQMTQSPSSLSASVGDRVTITCRASQDVNTAVAWYQQKPGKAPKLLIYSASFLYSGVPSRFSGSRSGTDFTLTISSLQPEDFATYYCQQHYTTPPTFGQGTKVEIKRTVAAPSVFIFPPSDEQLKSGTASVVCLLNNFYPREAKVQWKVDNALQSGNSQESVTEQDSKDSTYSLSSTLTLSKADYEKHKVYACEVTHQGLSSPVTKSFNRGEC,115,108,214
samples_design_2_dldesign_2,HER2,her2_rfantibody,RFantibody_ProteinMPNN,/content/drive/MyDrive/her2_project/rfantibody_her2/outputs/extracted/samples_design_2_dldesign_2.pdb,EVQLVESGGGLVQPGGSLRLSCAASGMNITDTYIHWVRQAPGKGLEWVARINPATGATRYADSVKGRFTISADTSKNTAYLQMNSLRAEDTAVYYCSRGSFLEVWGQGTLVTVSS,DIQMTQSPSSLSASVGDRVTITCKTSTEDSAISWYQQKPGKAPKLLIYNASFRVPGVPSRFSGSRSGTDFTLTISSLQPEDFATYYCMSHGDPAHPYRFGQGTKVEIK,DIQMTQSPSSLSASVGDRVTITCRASQDVNTAVAWYQQKPGKAPKLLIYSASFLYSGVPSRFSGSRSGTDFTLTISSLQPEDFATYYCQQHYTTPPTFGQGTKVEIKRTVAAPSVFIFPPSDEQLKSGTASVVCLLNNFYPREAKVQWKVDNALQSGNSQESVTEQDSKDSTYSLSSTLTLSKADYEKHKVYACEVTHQGLSSPVTKSFNRGEC,115,108,214
samples_design_2_dldesign_3,HER2,her2_rfantibody,RFantibody_ProteinMPNN,/content/drive/MyDrive/her2_project/rfantibody_her2/outputs/extracted/samples_design_2_dldesign_3.pdb,EVQLVESGGGLVQPGGSLRLSCAASGFDLTSTYIHWVRQAPGKGLEWVARINPATGLTRYADSVKGRFTISADTSKNTAYLQMNSLRAEDTAVYYCSRGSFMETWGQGTLVTVSS,DIQMTQSPSSLSASVGDRVTITCKTSSVDDAISWYQQKPGKAPKLLIYSASFRVSGVPSRFSGSRSGTDFTLTISSLQPEDFATYYCMSHGNPAHPYRFGQGTKVEIK,DIQMTQSPSSLSASVGDRVTITCRASQDVNTAVAWYQQKPGKAPKLLIYSASFLYSGVPSRFSGSRSGTDFTLTISSLQPEDFATYYCQQHYTTPPTFGQGTKVEIKRTVAAPSVFIFPPSDEQLKSGTASVVCLLNNFYPREAKVQWKVDNALQSGNSQESVTEQDSKDSTYSLSSTLTLSKADYEKHKVYACEVTHQGLSSPVTKSFNRGEC,115,108,214
samples_design_2_dldesign_4,HER2,her2_rfantibody,RFantibody_ProteinMPNN,/content/drive/MyDrive/her2_project/rfantibody_her2/outputs/extracted/samples_design_2_dldesign_4.pdb,EVQLVESGGGLVQPGGSLRLSCAASGMDLTSTYIHWVRQAPGKGLEWVARINPATGATRYADSVKGRFTISADTSKNTAYLQMNSLRAEDTAVYYCSRGSFMEVWGQGTLVTVSS,DIQMTQSPSSLSASVGDRVTITCKTSTVDSAISWYQQKPGKAPKLLIYNASFRAPGVPSRFSGSRSGTDFTLTISSLQPEDFATYYCRSNGNPSHPYSFGQGTKVEIK,DIQMTQSPSSLSASVGDRVTITCRASQDVNTAVAWYQQKPGKAPKLLIYSASFLYSGVPSRFSGSRSGTDFTLTISSLQPEDFATYYCQQHYTTPPTFGQGTKVEIKRTVAAPSVFIFPPSDEQLKSGTASVVCLLNNFYPREAKVQWKVDNALQSGNSQESVTEQDSKDSTYSLSSTLTLSKADYEKHKVYACEVTHQGLSSPVTKSFNRGEC,115,108,214
samples_design_2_dldesign_5,HER2,her2_rfantibody,RFantibody_ProteinMPNN,/content/drive/MyDrive/her2_project/rfantibody_her2/outputs/extracted/samples_design_2_dldesign_5.pdb,EVQLVESGGGLVQPGGSLRLSCAASGTDITSSYIHWVRQAPGKGLEWVARINPADGTTRYADSVKGRFTISADTSKNTAYLQMNSLRAEDTAVYYCSRGSFMEVWGQGTLVTVSS,DIQMTQSPSSLSASVGDRVTITCKTSTSDSAISWYQQKPGKAPKLLIYSASFRVSGVPSRFSGSRSGTDFTLTISSLQPEDFATYYCASHGDPAHPVSFGQGTKVEIK,DIQMTQSPSSLSASVGDRVTITCRASQDVNTAVAWYQQKPGKAPKLLIYSASFLYSGVPSRFSGSRSGTDFTLTISSLQPEDFATYYCQQHYTTPPTFGQGTKVEIKRTVAAPSVFIFPPSDEQLKSGTASVVCLLNNFYPREAKVQWKVDNALQSGNSQESVTEQDSKDSTYSLSSTLTLSKADYEKHKVYACEVTHQGLSSPVTKSFNRGEC,115,108,214
samples_design_2_dldesign_6,HER2,her2_rfantibody,RFantibody_ProteinMPNN,/content/drive/MyDrive/her2_project/rfantibody_her2/outputs/extracted/samples_design_2_dldesign_6.pdb,EVQLVESGGGLVQPGGSLRLSCAASGFDITSTYIHWVRQAPGKGLEWVARINPATGATRYADSVKGRFTISADTSKNTAYLQMNSLRAEDTAVYYCSRGSFMETWGQGTLVTVSS,DIQMTQSPSSLSASVGDRVTITCTTSTEDTAISWYQQKPGKAPKLLIYNASFRVSGVPSRFSGSRSGTDFTLTISSLQPEDFATYYCVSHGDPSHPYRFGQGTKVEIK,DIQMTQSPSSLSASVGDRVTITCRASQDVNTAVAWYQQKPGKAPKLLIYSASFLYSGVPSRFSGSRSGTDFTLTISSLQPEDFATYYCQQHYTTPPTFGQGTKVEIKRTVAAPSVFIFPPSDEQLKSGTASVVCLLNNFYPREAKVQWKVDNALQSGNSQESVTEQDSKDSTYSLSSTLTLSKADYEKHKVYACEVTHQGLSSPVTKSFNRGEC,115,108,214
samples_design_2_dldesign_7,HER2,her2_rfantibody,RFantibody_ProteinMPNN,/content/drive/MyDrive/her2_project/rfantibody_her2/outputs/extracted/samples_design_2_dldesign_7.pdb,EVQLVESGGGLVQPGGSLRLSCAASGFDLTSTYIHWVRQAPGKGLEWVARINPADGSTRYADSVKGRFTISADTSKNTAYLQMNSLRAEDTAVYYCSRGSFMEVWGQGTLVTVSS,DIQMTQSPSSLSASVGDRVTITCKTSSVDDAISWYQQKPGKAPKLLIYSASFRAPGVPSRFSGSRSGTDFTLTISSLQPEDFATYYCVSHGNPASPTRFGQGTKVEIK,DIQMTQSPSSLSASVGDRVTITCRASQDVNTAVAWYQQKPGKAPKLLIYSASFLYSGVPSRFSGSRSGTDFTLTISSLQPEDFATYYCQQHYTTPPTFGQGTKVEIKRTVAAPSVFIFPPSDEQLKSGTASVVCLLNNFYPREAKVQWKVDNALQSGNSQESVTEQDSKDSTYSLSSTLTLSKADYEKHKVYACEVTHQGLSSPVTKSFNRGEC,115,108,214
samples_design_3_dldesign_0,HER2,her2_rfantibody,RFantibody_ProteinMPNN,/content/drive/MyDrive/her2_project/rfantibody_her2/outputs/extracted/samples_design_3_dldesign_0.pdb,EVQLVESGGGLVQPGGSLRLSCAASGFDLSSTYIHWVRQAPGKGLEWVARISPGTGETRYADSVKGRFTISADTSKNTAYLQMNSLRAEDTAVYYCSRDHPNTSALEHWGQGTLVTVSS,DIQMTQSPSSLSASVGDRVTITCKASSSVPAGNLSWYQQKPGKAPKLLIYAASTQASGVPSRFSGSRSGTDFTLTISSLQPEDFATYYCVVHDSTNRDLVFGQGTKVEIK,DIQMTQSPSSLSASVGDRVTITCRASQDVNTAVAWYQQKPGKAPKLLIYSASFLYSGVPSRFSGSRSGTDFTLTISSLQPEDFATYYCQQHYTTPPTFGQGTKVEIKRTVAAPSVFIFPPSDEQLKSGTASVVCLLNNFYPREAKVQWKVDNALQSGNSQESVTEQDSKDSTYSLSSTLTLSKADYEKHKVYACEVTHQGLSSPVTKSFNRGEC,119,110,214
samples_design_3_dldesign_1,HER2,her2_rfantibody,RFantibody_ProteinMPNN,/content/drive/MyDrive/her2_project/rfantibody_her2/outputs/extracted/samples_design_3_dldesign_1.pdb,EVQLVESGGGLVQPGGSLRLSCAASGFDLSSTYIHWVRQAPGKGLEWVARISPGTGETRYADSVKGRFTISADTSKNTAYLQMNSLRAEDTAVYYCSREHPNSAALETWGQGTLVTVSS,DIQMTQSPSSLSASVGDRVTITCSASKPLPANSLSWYQQKPGKAPKLLIYAASTQAPGVPSRFSGSRSGTDFTLTISSLQPEDFATYYCRVHDSTSQYLVFGQGTKVEIK,DIQMTQSPSSLSASVGDRVTITCRASQDVNTAVAWYQQKPGKAPKLLIYSASFLYSGVPSRFSGSRSGTDFTLTISSLQPEDFATYYCQQHYTTPPTFGQGTKVEIKRTVAAPSVFIFPPSDEQLKSGTASVVCLLNNFYPREAKVQWKVDNALQSGNSQESVTEQDSKDSTYSLSSTLTLSKADYEKHKVYACEVTHQGLSSPVTKSFNRGEC,119,110,214
samples_design_3_dldesign_2,HER2,her2_rfantibody,RFantibody_ProteinMPNN,/content/drive/MyDrive/her2_project/rfantibody_her2/outputs/extracted/samples_design_3_dldesign_2.pdb,EVQLVESGGGLVQPGGSLRLSCAASGFDLSSTYIHWVRQAPGKGLEWVARISPGTGETRYADSVKGRFTISADTSKNTAYLQMNSLRAEDTAVYYCSRDHPTSSALETWGQGTLVTVSS,DIQMTQSPSSLSASVGDRVTITCKTSSAVPANNISWYQQKPGKAPKLLIYAASTNAPGVPSRFSGSRSGTDFTLTISSLQPEDFATYYCVVHDSTNTDLVFGQGTKVEIK,DIQMTQSPSSLSASVGDRVTITCRASQDVNTAVAWYQQKPGKAPKLLIYSASFLYSGVPSRFSGSRSGTDFTLTISSLQPEDFATYYCQQHYTTPPTFGQGTKVEIKRTVAAPSVFIFPPSDEQLKSGTASVVCLLNNFYPREAKVQWKVDNALQSGNSQESVTEQDSKDSTYSLSSTLTLSKADYEKHKVYACEVTHQGLSSPVTKSFNRGEC,119,110,214
samples_design_3_dldesign_3,HER2,her2_rfantibody,RFantibody_ProteinMPNN,/content/drive/MyDrive/her2_project/rfantibody_her2/outputs/extracted/samples_design_3_dldesign_3.pdb,EVQLVESGGGLVQPGGSLRLSCAASGFDLSSTYIHWVRQAPGKGLEWVARISPGTGETRYADSVKGRFTISADTSKNTAYLQMNSLRAEDTAVYYCSRDNPNSAALSTWGQGTLVTVSS,DIQMTQSPSSLSASVGDRVTITCTTSKPVPANNLAWYQQKPGKAPKLLIYAASTNASGVPSRFSGSRSGTDFTLTISSLQPEDFATYYCVVHDSTSRDLVFGQGTKVEIK,DIQMTQSPSSLSASVGDRVTITCRASQDVNTAVAWYQQKPGKAPKLLIYSASFLYSGVPSRFSGSRSGTDFTLTISSLQPEDFATYYCQQHYTTPPTFGQGTKVEIKRTVAAPSVFIFPPSDEQLKSGTASVVCLLNNFYPREAKVQWKVDNALQSGNSQESVTEQDSKDSTYSLSSTLTLSKADYEKHKVYACEVTHQGLSSPVTKSFNRGEC,119,110,214
samples_design_3_dldesign_4,HER2,her2_rfantibody,RFantibody_ProteinMPNN,/content/drive/MyDrive/her2_project/rfantibody_her2/outputs/extracted/samples_design_3_dldesign_4.pdb,EVQLVESGGGLVQPGGSLRLSCAASGFDITSTYIHWVRQAPGKGLEWVARISPGTGETRYADSVKGRFTISADTSKNTAYLQMNSLRAEDTAVYYCSRDHPNSSALETWGQGTLVTVSS,DIQMTQSPSSLSASVGDRVTITCTTSRPVPANNLAWYQQKPGKAPKLLIYGASTNAPGVPSRFSGSRSGTDFTLTISSLQPEDFATYYCAVRDSTSRDLVFGQGTKVEIK,DIQMTQSPSSLSASVGDRVTITCRASQDVNTAVAWYQQKPGKAPKLLIYSASFLYSGVPSRFSGSRSGTDFTLTISSLQPEDFATYYCQQHYTTPPTFGQGTKVEIKRTVAAPSVFIFPPSDEQLKSGTASVVCLLNNFYPREAKVQWKVDNALQSGNSQESVTEQDSKDSTYSLSSTLTLSKADYEKHKVYACEVTHQGLSSPVTKSFNRGEC,119,110,214
samples_design_3_dldesign_5,HER2,her2_rfantibody,RFantibody_ProteinMPNN,/content/drive/MyDrive/her2_project/rfantibody_her2/outputs/extracted/samples_design_3_dldesign_5.pdb,EVQLVESGGGLVQPGGSLRLSCAASGFDLSSTYIHWVRQAPGKGLEWVARISPGTGETRYADSVKGRFTISADTSKNTAYLQMNSLRAEDTAVYYCSRDHPNYSSLSVWGQGTLVTVSS,DIQMTQSPSSLSASVGDRVTITCTTSREVPANNLSWYQQKPGKAPKLLIYGASTRASGVPSRFSGSRSGTDFTLTISSLQPEDFATYYCVVHDDTSTDLVFGQGTKVEIK,DIQMTQSPSSLSASVGDRVTITCRASQDVNTAVAWYQQKPGKAPKLLIYSASFLYSGVPSRFSGSRSGTDFTLTISSLQPEDFATYYCQQHYTTPPTFGQGTKVEIKRTVAAPSVFIFPPSDEQLKSGTASVVCLLNNFYPREAKVQWKVDNALQSGNSQESVTEQDSKDSTYSLSSTLTLSKADYEKHKVYACEVTHQGLSSPVTKSFNRGEC,119,110,214
samples_design_3_dldesign_6,HER2,her2_rfantibody,RFantibody_ProteinMPNN,/content/drive/MyDrive/her2_project/rfantibody_her2/outputs/extracted/samples_design_3_dldesign_6.pdb,EVQLVESGGGLVQPGGSLRLSCAASGFDISSTYIHWVRQAPGKGLEWVARISPGTGETRYADSVKGRFTISADTSKNTAYLQMNSLRAEDTAVYYCSRDDSSSSALATWGQGTLVTVSS,DIQMTQSPSSLSASVGDRVTITCTTSRDVPANNLAWYQQKPGKAPKLLIYGASSNASGVPSRFSGSRSGTDFTLTISSLQPEDFATYYCVVRDSTSRDLVFGQGTKVEIK,DIQMTQSPSSLSASVGDRVTITCRASQDVNTAVAWYQQKPGKAPKLLIYSASFLYSGVPSRFSGSRSGTDFTLTISSLQPEDFATYYCQQHYTTPPTFGQGTKVEIKRTVAAPSVFIFPPSDEQLKSGTASVVCLLNNFYPREAKVQWKVDNALQSGNSQESVTEQDSKDSTYSLSSTLTLSKADYEKHKVYACEVTHQGLSSPVTKSFNRGEC,119,110,214
samples_design_3_dldesign_7,HER2,her2_rfantibody,RFantibody_ProteinMPNN,/content/drive/MyDrive/her2_project/rfantibody_her2/outputs/extracted/samples_design_3_dldesign_7.pdb,EVQLVESGGGLVQPGGSLRLSCAASGFDLSSTYIHWVRQAPGKGLEWVARISPGTGETRYADSVKGRFTISADTSKNTAYLQMNSLRAEDTAVYYCSRDHPTSSALATWGQGTLVTVSS,DIQMTQSPSSLSASVGDRVTITCKTSAPVPANSLAWYQQKPGKAPKLLIYGASTRASGVPSRFSGSRSGTDFTLTISSLQPEDFATYYCVVHDSRSRDLVFGQGTKVEIK,DIQMTQSPSSLSASVGDRVTITCRASQDVNTAVAWYQQKPGKAPKLLIYSASFLYSGVPSRFSGSRSGTDFTLTISSLQPEDFATYYCQQHYTTPPTFGQGTKVEIKRTVAAPSVFIFPPSDEQLKSGTASVVCLLNNFYPREAKVQWKVDNALQSGNSQESVTEQDSKDSTYSLSSTLTLSKADYEKHKVYACEVTHQGLSSPVTKSFNRGEC,119,110,214
samples_design_4_dldesign_0,HER2,her2_rfantibody,RFantibody_ProteinMPNN,/content/drive/MyDrive/her2_project/rfantibody_her2/outputs/extracted/samples_design_4_dldesign_0.pdb,EVQLVESGGGLVQPGGSLRLSCAASGFNVADHYIHWVRQAPGKGLEWVARIHPATGSTRYADSVKGRFTISADTSKNTAYLQMNSLRAEDTAVYYCSREPLSSVWGQGTLVTVSS,DIQMTQSPSSLSASVGDRVTITCKSSSEISSPESIAWYQQKPGKAPKLLIYAASFRAPGVPSRFSGSRSGTDFTLTISSLQPEDFATYYCAIVDARSGISFGQGTKVEIK,DIQMTQSPSSLSASVGDRVTITCRASQDVNTAVAWYQQKPGKAPKLLIYSASFLYSGVPSRFSGSRSGTDFTLTISSLQPEDFATYYCQQHYTTPPTFGQGTKVEIKRTVAAPSVFIFPPSDEQLKSGTASVVCLLNNFYPREAKVQWKVDNALQSGNSQESVTEQDSKDSTYSLSSTLTLSKADYEKHKVYACEVTHQGLSSPVTKSFNRGEC,115,110,214
samples_design_4_dldesign_1,HER2,her2_rfantibody,RFantibody_ProteinMPNN,/content/drive/MyDrive/her2_project/rfantibody_her2/outputs/extracted/samples_design_4_dldesign_1.pdb,EVQLVESGGGLVQPGGSLRLSCAASGFDVAEHYIHWVRQAPGKGLEWVARIHPADGSTRYADSVKGRFTISADTSKNTAYLQMNSLRAEDTAVYYCSREPLSNVWGQGTLVTVSS,DIQMTQSPSSLSASVGDRVTITCKTSSPVSSSDAFAWYQQKPGKAPKLLIYSASFRASGVPSRFSGSRSGTDFTLTISSLQPEDFATYYCVLVDQNSGIRFGQGTKVEIK,DIQMTQSPSSLSASVGDRVTITCRASQDVNTAVAWYQQKPGKAPKLLIYSASFLYSGVPSRFSGSRSGTDFTLTISSLQPEDFATYYCQQHYTTPPTFGQGTKVEIKRTVAAPSVFIFPPSDEQLKSGTASVVCLLNNFYPREAKVQWKVDNALQSGNSQESVTEQDSKDSTYSLSSTLTLSKADYEKHKVYACEVTHQGLSSPVTKSFNRGEC,115,110,214
samples_design_4_dldesign_2,HER2,her2_rfantibody,RFantibody_ProteinMPNN,/content/drive/MyDrive/her2_project/rfantibody_her2/outputs/extracted/samples_design_4_dldesign_2.pdb,EVQLVESGGGLVQPGGSLRLSCAASGFNVADHYIHWVRQAPGKGLEWVARIHPADGSTRYADSVKGRFTISADTSKNTAYLQMNSLRAEDTAVYYCSREPLSSVWGQGTLVTVSS,DIQMTQSPSSLSASVGDRVTITCTTSSTVSSSDSFAWYQQKPGKAPKLLIYAASFRASGVPSRFSGSRSGTDFTLTISSLQPEDFATYYCVVYDARSGITFGQGTKVEIK,DIQMTQSPSSLSASVGDRVTITCRASQDVNTAVAWYQQKPGKAPKLLIYSASFLYSGVPSRFSGSRSGTDFTLTISSLQPEDFATYYCQQHYTTPPTFGQGTKVEIKRTVAAPSVFIFPPSDEQLKSGTASVVCLLNNFYPREAKVQWKVDNALQSGNSQESVTEQDSKDSTYSLSSTLTLSKADYEKHKVYACEVTHQGLSSPVTKSFNRGEC,115,110,214
samples_design_4_dldesign_3,HER2,her2_rfantibody,RFantibody_ProteinMPNN,/content/drive/MyDrive/her2_project/rfantibody_her2/outputs/extracted/samples_design_4_dldesign_3.pdb,EVQLVESGGGLVQPGGSLRLSCAASGFDVAKHYIHWVRQAPGKGLEWVARIHPGTGSTRYADSVKGRFTISADTSKNTAYLQMNSLRAEDTAVYYCSREPLSSVWGQGTLVTVSS,DIQMTQSPSSLSASVGDRVTITCKSSTEISSPESIAWYQQKPGKAPKLLIYAASFRASGVPSRFSGSRSGTDFTLTISSLQPEDFATYYCAIFDARSGIRFGQGTKVEIK,DIQMTQSPSSLSASVGDRVTITCRASQDVNTAVAWYQQKPGKAPKLLIYSASFLYSGVPSRFSGSRSGTDFTLTISSLQPEDFATYYCQQHYTTPPTFGQGTKVEIKRTVAAPSVFIFPPSDEQLKSGTASVVCLLNNFYPREAKVQWKVDNALQSGNSQESVTEQDSKDSTYSLSSTLTLSKADYEKHKVYACEVTHQGLSSPVTKSFNRGEC,115,110,214
samples_design_4_dldesign_4,HER2,her2_rfantibody,RFantibody_ProteinMPNN,/content/drive/MyDrive/her2_project/rfantibody_her2/outputs/extracted/samples_design_4_dldesign_4.pdb,EVQLVESGGGLVQPGGSLRLSCAASGFSVADHYIHWVRQAPGKGLEWVARIHPATGSTRYADSVKGRFTISADTSKNTAYLQMNSLRAEDTAVYYCSREIGSSVWGQGTLVTVSS,DIQMTQSPSSLSASVGDRVTITCKTSTEISSPDSLFWYQQKPGKAPKLLIYAASFRASGVPSRFSGSRSGTDFTLTISSLQPEDFATYYCVVADANSGVSFGQGTKVEIK,DIQMTQSPSSLSASVGDRVTITCRASQDVNTAVAWYQQKPGKAPKLLIYSASFLYSGVPSRFSGSRSGTDFTLTISSLQPEDFATYYCQQHYTTPPTFGQGTKVEIKRTVAAPSVFIFPPSDEQLKSGTASVVCLLNNFYPREAKVQWKVDNALQSGNSQESVTEQDSKDSTYSLSSTLTLSKADYEKHKVYACEVTHQGLSSPVTKSFNRGEC,115,110,214
samples_design_4_dldesign_5,HER2,her2_rfantibody,RFantibody_ProteinMPNN,/content/drive/MyDrive/her2_project/rfantibody_her2/outputs/extracted/samples_design_4_dldesign_5.pdb,EVQLVESGGGLVQPGGSLRLSCAASGFNVADHYIHWVRQAPGKGLEWVARIHPATGKTRYADSVKGRFTISADTSKNTAYLQMNSLRAEDTAVYYCSREPLSNVWGQGTLVTVSS,DIQMTQSPSSLSASVGDRVTITCTSSTTVPSSDSIAWYQQKPGKAPKLLIYAASFRAPGVPSRFSGSRSGTDFTLTISSLQPEDFATYYCVLVDARSGITFGQGTKVEIK,DIQMTQSPSSLSASVGDRVTITCRASQDVNTAVAWYQQKPGKAPKLLIYSASFLYSGVPSRFSGSRSGTDFTLTISSLQPEDFATYYCQQHYTTPPTFGQGTKVEIKRTVAAPSVFIFPPSDEQLKSGTASVVCLLNNFYPREAKVQWKVDNALQSGNSQESVTEQDSKDSTYSLSSTLTLSKADYEKHKVYACEVTHQGLSSPVTKSFNRGEC,115,110,214
samples_design_4_dldesign_6,HER2,her2_rfantibody,RFantibody_ProteinMPNN,/content/drive/MyDrive/her2_project/rfantibody_her2/outputs/extracted/samples_design_4_dldesign_6.pdb,EVQLVESGGGLVQPGGSLRLSCAASGFDVSKHYIHWVRQAPGKGLEWVARIHPGDGSTRYADSVKGRFTISADTSKNTAYLQMNSLRAEDTAVYYCSREAGSSVWGQGTLVTVSS,DIQMTQSPSSLSASVGDRVTITCKSSTEVSSPYSIRWYQQKPGKAPKLLIYAASFRASGVPSRFSGSRSGTDFTLTISSLQPEDFATYYCVLVDARSGIKFGQGTKVEIK,DIQMTQSPSSLSASVGDRVTITCRASQDVNTAVAWYQQKPGKAPKLLIYSASFLYSGVPSRFSGSRSGTDFTLTISSLQPEDFATYYCQQHYTTPPTFGQGTKVEIKRTVAAPSVFIFPPSDEQLKSGTASVVCLLNNFYPREAKVQWKVDNALQSGNSQESVTEQDSKDSTYSLSSTLTLSKADYEKHKVYACEVTHQGLSSPVTKSFNRGEC,115,110,214
samples_design_4_dldesign_7,HER2,her2_rfantibody,RFantibody_ProteinMPNN,/content/drive/MyDrive/her2_project/rfantibody_her2/outputs/extracted/samples_design_4_dldesign_7.pdb,EVQLVESGGGLVQPGGSLRLSCAASGFDVSKHYIHWVRQAPGKGLEWVARIHPGDGSTRYADSVKGRFTISADTSKNTAYLQMNSLRAEDTAVYYCSRELGSNVWGQGTLVTVSS,DIQMTQSPSSLSASVGDRVTITCRTSSEVSSPDSLFWYQQKPGKAPKLLIYSASFRAPGVPSRFSGSRSGTDFTLTISSLQPEDFATYYCVLADARSGPTFGQGTKVEIK,DIQMTQSPSSLSASVGDRVTITCRASQDVNTAVAWYQQKPGKAPKLLIYSASFLYSGVPSRFSGSRSGTDFTLTISSLQPEDFATYYCQQHYTTPPTFGQGTKVEIKRTVAAPSVFIFPPSDEQLKSGTASVVCLLNNFYPREAKVQWKVDNALQSGNSQESVTEQDSKDSTYSLSSTLTLSKADYEKHKVYACEVTHQGLSSPVTKSFNRGEC,115,110,214
samples_design_5_dldesign_0,HER2,her2_rfantibody,RFantibody_ProteinMPNN,/content/drive/MyDrive/her2_project/rfantibody_her2/outputs/extracted/samples_design_5_dldesign_0.pdb,EVQLVESGGGLVQPGGSLRLSCAASGFSIADYYIHWVRQAPGKGLEWVARIRPSDGSTRYADSVKGRFTISADTSKNTAYLQMNSLRAEDTAVYYCSRAVSLNGGGLYPTVWGQGTLVTVSS,DIQMTQSPSSLSASVGDRVTITCSTSTNNVAWYQQKPGKAPKLLIYNATTRASGVPSRFSGSRSGTDFTLTISSLQPEDFATYYCVLTGSDPMTFGQGTKVEIK,DIQMTQSPSSLSASVGDRVTITCRASQDVNTAVAWYQQKPGKAPKLLIYSASFLYSGVPSRFSGSRSGTDFTLTISSLQPEDFATYYCQQHYTTPPTFGQGTKVEIKRTVAAPSVFIFPPSDEQLKSGTASVVCLLNNFYPREAKVQWKVDNALQSGNSQESVTEQDSKDSTYSLSSTLTLSKADYEKHKVYACEVTHQGLSSPVTKSFNRGEC,122,104,214
samples_design_5_dldesign_1,HER2,her2_rfantibody,RFantibody_ProteinMPNN,/content/drive/MyDrive/her2_project/rfantibody_her2/outputs/extracted/samples_design_5_dldesign_1.pdb,EVQLVESGGGLVQPGGSLRLSCAASGFNIADHYIHWVRQAPGKGLEWVARIHPKDGSTRYADSVKGRFTISADTSKNTAYLQMNSLRAEDTAVYYCSRAESLNGGELVPTVWGQGTLVTVSS,DIQMTQSPSSLSASVGDRVTITCTTSTSSIAWYQQKPGKAPKLLIYNATTRAPGVPSRFSGSRSGTDFTLTISSLQPEDFATYYCVLVGSDPTRFGQGTKVEIK,DIQMTQSPSSLSASVGDRVTITCRASQDVNTAVAWYQQKPGKAPKLLIYSASFLYSGVPSRFSGSRSGTDFTLTISSLQPEDFATYYCQQHYTTPPTFGQGTKVEIKRTVAAPSVFIFPPSDEQLKSGTASVVCLLNNFYPREAKVQWKVDNALQSGNSQESVTEQDSKDSTYSLSSTLTLSKADYEKHKVYACEVTHQGLSSPVTKSFNRGEC,122,104,214
samples_design_5_dldesign_2,HER2,her2_rfantibody,RFantibody_ProteinMPNN,/content/drive/MyDrive/her2_project/rfantibody_her2/outputs/extracted/samples_design_5_dldesign_2.pdb,EVQLVESGGGLVQPGGSLRLSCAASGFSIADHYIHWVRQAPGKGLEWVARIHPADGSTRYADSVKGRFTISADTSKNTAYLQMNSLRAEDTAVYYCSRAESINGGELVPTHWGQGTLVTVSS,DIQMTQSPSSLSASVGDRVTITCTASSSGIAWYQQKPGKAPKLLIYNATTRAPGVPSRFSGSRSGTDFTLTISSLQPEDFATYYCVLVGSDPTVFGQGTKVEIK,DIQMTQSPSSLSASVGDRVTITCRASQDVNTAVAWYQQKPGKAPKLLIYSASFLYSGVPSRFSGSRSGTDFTLTISSLQPEDFATYYCQQHYTTPPTFGQGTKVEIKRTVAAPSVFIFPPSDEQLKSGTASVVCLLNNFYPREAKVQWKVDNALQSGNSQESVTEQDSKDSTYSLSSTLTLSKADYEKHKVYACEVTHQGLSSPVTKSFNRGEC,122,104,214
samples_design_5_dldesign_3,HER2,her2_rfantibody,RFantibody_ProteinMPNN,/content/drive/MyDrive/her2_project/rfantibody_her2/outputs/extracted/samples_design_5_dldesign_3.pdb,EVQLVESGGGLVQPGGSLRLSCAASGFSISSHYIHWVRQAPGKGLEWVARILPSTGSTRYADSVKGRFTISADTSKNTAYLQMNSLRAEDTAVYYCSRAVSLNGGSLVPTVWGQGTLVTVSS,DIQMTQSPSSLSASVGDRVTITCTSSSSSIAWYQQKPGKAPKLLIYNATTRASGVPSRFSGSRSGTDFTLTISSLQPEDFATYYCVLVGSDPTRFGQGTKVEIK,DIQMTQSPSSLSASVGDRVTITCRASQDVNTAVAWYQQKPGKAPKLLIYSASFLYSGVPSRFSGSRSGTDFTLTISSLQPEDFATYYCQQHYTTPPTFGQGTKVEIKRTVAAPSVFIFPPSDEQLKSGTASVVCLLNNFYPREAKVQWKVDNALQSGNSQESVTEQDSKDSTYSLSSTLTLSKADYEKHKVYACEVTHQGLSSPVTKSFNRGEC,122,104,214
samples_design_5_dldesign_4,HER2,her2_rfantibody,RFantibody_ProteinMPNN,/content/drive/MyDrive/her2_project/rfantibody_her2/outputs/extracted/samples_design_5_dldesign_4.pdb,EVQLVESGGGLVQPGGSLRLSCAASGFNIADSYIHWVRQAPGKGLEWVARIHPANGSTRYADSVKGRFTISADTSKNTAYLQMNSLRAEDTAVYYCSRAVSLNGGGLVPTVWGQGTLVTVSS,DIQMTQSPSSLSASVGDRVTITCTSSTSNIAWYQQKPGKAPKLLIYNATTRASGVPSRFSGSRSGTDFTLTISSLQPEDFATYYCVVTGSDPTRFGQGTKVEIK,DIQMTQSPSSLSASVGDRVTITCRASQDVNTAVAWYQQKPGKAPKLLIYSASFLYSGVPSRFSGSRSGTDFTLTISSLQPEDFATYYCQQHYTTPPTFGQGTKVEIKRTVAAPSVFIFPPSDEQLKSGTASVVCLLNNFYPREAKVQWKVDNALQSGNSQESVTEQDSKDSTYSLSSTLTLSKADYEKHKVYACEVTHQGLSSPVTKSFNRGEC,122,104,214
samples_design_5_dldesign_5,HER2,her2_rfantibody,RFantibody_ProteinMPNN,/content/drive/MyDrive/her2_project/rfantibody_her2/outputs/extracted/samples_design_5_dldesign_5.pdb,EVQLVESGGGLVQPGGSLRLSCAASGFSISSHYIHWVRQAPGKGLEWVARIHPADGSTRYADSVKGRFTISADTSKNTAYLQMNSLRAEDTAVYYCSRAESLNGGSLVPTVWGQGTLVTVSS,DIQMTQSPSSLSASVGDRVTITCKSSTSSIAWYQQKPGKAPKLLIYNATTRAPGVPSRFSGSRSGTDFTLTISSLQPEDFATYYCVVVGSDPMKFGQGTKVEIK,DIQMTQSPSSLSASVGDRVTITCRASQDVNTAVAWYQQKPGKAPKLLIYSASFLYSGVPSRFSGSRSGTDFTLTISSLQPEDFATYYCQQHYTTPPTFGQGTKVEIKRTVAAPSVFIFPPSDEQLKSGTASVVCLLNNFYPREAKVQWKVDNALQSGNSQESVTEQDSKDSTYSLSSTLTLSKADYEKHKVYACEVTHQGLSSPVTKSFNRGEC,122,104,214
samples_design_5_dldesign_6,HER2,her2_rfantibody,RFantibody_ProteinMPNN,/content/drive/MyDrive/her2_project/rfantibody_her2/outputs/extracted/samples_design_5_dldesign_6.pdb,EVQLVESGGGLVQPGGSLRLSCAASGFSIADYYIHWVRQAPGKGLEWVARIHPATGSTRYADSVKGRFTISADTSKNTAYLQMNSLRAEDTAVYYCSRAETLNGGELVLTVWGQGTLVTVSS,DIQMTQSPSSLSASVGDRVTITCKTSTSSVAWYQQKPGKAPKLLIYNATTRASGVPSRFSGSRSGTDFTLTISSLQPEDFATYYCVLVGSDPTRFGQGTKVEIK,DIQMTQSPSSLSASVGDRVTITCRASQDVNTAVAWYQQKPGKAPKLLIYSASFLYSGVPSRFSGSRSGTDFTLTISSLQPEDFATYYCQQHYTTPPTFGQGTKVEIKRTVAAPSVFIFPPSDEQLKSGTASVVCLLNNFYPREAKVQWKVDNALQSGNSQESVTEQDSKDSTYSLSSTLTLSKADYEKHKVYACEVTHQGLSSPVTKSFNRGEC,122,104,214
samples_design_5_dldesign_7,HER2,her2_rfantibody,RFantibody_ProteinMPNN,/content/drive/MyDrive/her2_project/rfantibody_her2/outputs/extracted/samples_design_5_dldesign_7.pdb,EVQLVESGGGLVQPGGSLRLSCAASGFNISDHYIHWVRQAPGKGLEWVARIHPADGSTRYADSVKGRFTISADTSKNTAYLQMNSLRAEDTAVYYCSRAVSLSGGSLVPTVWGQGTLVTVSS,DIQMTQSPSSLSASVGDRVTITCTSSTNNIAWYQQKPGKAPKLLIYNATTRASGVPSRFSGSRSGTDFTLTISSLQPEDFATYYCVVVGSDPMRFGQGTKVEIK,DIQMTQSPSSLSASVGDRVTITCRASQDVNTAVAWYQQKPGKAPKLLIYSASFLYSGVPSRFSGSRSGTDFTLTISSLQPEDFATYYCQQHYTTPPTFGQGTKVEIKRTVAAPSVFIFPPSDEQLKSGTASVVCLLNNFYPREAKVQWKVDNALQSGNSQESVTEQDSKDSTYSLSSTLTLSKADYEKHKVYACEVTHQGLSSPVTKSFNRGEC,122,104,214
samples_design_6_dldesign_0,HER2,her2_rfantibody,RFantibody_ProteinMPNN,/content/drive/MyDrive/her2_project/rfantibody_her2/outputs/extracted/samples_design_6_dldesign_0.pdb,EVQLVESGGGLVQPGGSLRLSCAASGFDISSVYIHWVRQAPGKGLEWVARIYVAGGTTRYADSVKGRFTISADTSKNTAYLQMNSLRAEDTAVYYCSRANSAMEMWVWGQGTLVTVSS,DIQMTQSPSSLSASVGDRVTITCKGDQLGFSWYQQKPGKAPKLLIYNDTIRATGVPSRFSGSRSGTDFTLTISSLQPEDFATYYCRSIYSDPLSFGQGTKVEIK,DIQMTQSPSSLSASVGDRVTITCRASQDVNTAVAWYQQKPGKAPKLLIYSASFLYSGVPSRFSGSRSGTDFTLTISSLQPEDFATYYCQQHYTTPPTFGQGTKVEIKRTVAAPSVFIFPPSDEQLKSGTASVVCLLNNFYPREAKVQWKVDNALQSGNSQESVTEQDSKDSTYSLSSTLTLSKADYEKHKVYACEVTHQGLSSPVTKSFNRGEC,118,104,214
samples_design_6_dldesign_1,HER2,her2_rfantibody,RFantibody_ProteinMPNN,/content/drive/MyDrive/her2_project/rfantibody_her2/outputs/extracted/samples_design_6_dldesign_1.pdb,EVQLVESGGGLVQPGGSLRLSCAASGFNIADHYIHWVRQAPGKGLEWVARIYVAGGTTRYADSVKGRFTISADTSKNTAYLQMNSLRAEDTAVYYCSRADAGMNMYAWGQGTLVTVSS,DIQMTQSPSSLSASVGDRVTITCKGDQPGFSWYQQKPGKAPKLLIYNETTRATGVPSRFSGSRSGTDFTLTISSLQPEDFATYYCVSRYSEPLSFGQGTKVEIK,DIQMTQSPSSLSASVGDRVTITCRASQDVNTAVAWYQQKPGKAPKLLIYSASFLYSGVPSRFSGSRSGTDFTLTISSLQPEDFATYYCQQHYTTPPTFGQGTKVEIKRTVAAPSVFIFPPSDEQLKSGTASVVCLLNNFYPREAKVQWKVDNALQSGNSQESVTEQDSKDSTYSLSSTLTLSKADYEKHKVYACEVTHQGLSSPVTKSFNRGEC,118,104,214
samples_design_6_dldesign_2,HER2,her2_rfantibody,RFantibody_ProteinMPNN,/content/drive/MyDrive/her2_project/rfantibody_her2/outputs/extracted/samples_design_6_dldesign_2.pdb,EVQLVESGGGLVQPGGSLRLSCAASGFNIADVYIHWVRQAPGKGLEWVARIYVAGGDTRYADSVKGRFTISADTSKNTAYLQMNSLRAEDTAVYYCSRADSGMNMWVWGQGTLVTVSS,DIQMTQSPSSLSASVGDRVTITCKTDQPGVSWYQQKPGKAPKLLIYNATVRASGVPSRFSGSRSGTDFTLTISSLQPEDFATYYCVSTYSEPLTFGQGTKVEIK,DIQMTQSPSSLSASVGDRVTITCRASQDVNTAVAWYQQKPGKAPKLLIYSASFLYSGVPSRFSGSRSGTDFTLTISSLQPEDFATYYCQQHYTTPPTFGQGTKVEIKRTVAAPSVFIFPPSDEQLKSGTASVVCLLNNFYPREAKVQWKVDNALQSGNSQESVTEQDSKDSTYSLSSTLTLSKADYEKHKVYACEVTHQGLSSPVTKSFNRGEC,118,104,214
samples_design_6_dldesign_3,HER2,her2_rfantibody,RFantibody_ProteinMPNN,/content/drive/MyDrive/her2_project/rfantibody_her2/outputs/extracted/samples_design_6_dldesign_3.pdb,EVQLVESGGGLVQPGGSLRLSCAASGFSISSVYIHWVRQAPGKGLEWVARILVSGGDTRYADSVKGRFTISADTSKNTAYLQMNSLRAEDTAVYYCSRADSGMNLWTWGQGTLVTVSS,DIQMTQSPSSLSASVGDRVTITCKGDQEGFSWYQQKPGKAPKLLIYNDTIRASGVPSRFSGSRSGTDFTLTISSLQPEDFATYYCRSTYSEPLRFGQGTKVEIK,DIQMTQSPSSLSASVGDRVTITCRASQDVNTAVAWYQQKPGKAPKLLIYSASFLYSGVPSRFSGSRSGTDFTLTISSLQPEDFATYYCQQHYTTPPTFGQGTKVEIKRTVAAPSVFIFPPSDEQLKSGTASVVCLLNNFYPREAKVQWKVDNALQSGNSQESVTEQDSKDSTYSLSSTLTLSKADYEKHKVYACEVTHQGLSSPVTKSFNRGEC,118,104,214
samples_design_6_dldesign_4,HER2,her2_rfantibody,RFantibody_ProteinMPNN,/content/drive/MyDrive/her2_project/rfantibody_her2/outputs/extracted/samples_design_6_dldesign_4.pdb,EVQLVESGGGLVQPGGSLRLSCAASGFNIADHYIHWVRQAPGKGLEWVARIYVAGGSTRYADSVKGRFTISADTSKNTAYLQMNSLRAEDTAVYYCSRADSAMNMYVWGQGTLVTVSS,DIQMTQSPSSLSASVGDRVTITCKTDQEGVSWYQQKPGKAPKLLIYNATTRASGVPSRFSGSRSGTDFTLTISSLQPEDFATYYCVSTYSEPLSFGQGTKVEIK,DIQMTQSPSSLSASVGDRVTITCRASQDVNTAVAWYQQKPGKAPKLLIYSASFLYSGVPSRFSGSRSGTDFTLTISSLQPEDFATYYCQQHYTTPPTFGQGTKVEIKRTVAAPSVFIFPPSDEQLKSGTASVVCLLNNFYPREAKVQWKVDNALQSGNSQESVTEQDSKDSTYSLSSTLTLSKADYEKHKVYACEVTHQGLSSPVTKSFNRGEC,118,104,214
samples_design_6_dldesign_5,HER2,her2_rfantibody,RFantibody_ProteinMPNN,/content/drive/MyDrive/her2_project/rfantibody_her2/outputs/extracted/samples_design_6_dldesign_5.pdb,EVQLVESGGGLVQPGGSLRLSCAASGFSIASTYIHWVRQAPGKGLEWVARIGVAGGTTRYADSVKGRFTISADTSKNTAYLQMNSLRAEDTAVYYCSRADAAMNLWVWGQGTLVTVSS,DIQMTQSPSSLSASVGDRVTITCKTDQLGVSWYQQKPGKAPKLLIYNATTRATGVPSRFSGSRSGTDFTLTISSLQPEDFATYYCVSTYSEPLSFGQGTKVEIK,DIQMTQSPSSLSASVGDRVTITCRASQDVNTAVAWYQQKPGKAPKLLIYSASFLYSGVPSRFSGSRSGTDFTLTISSLQPEDFATYYCQQHYTTPPTFGQGTKVEIKRTVAAPSVFIFPPSDEQLKSGTASVVCLLNNFYPREAKVQWKVDNALQSGNSQESVTEQDSKDSTYSLSSTLTLSKADYEKHKVYACEVTHQGLSSPVTKSFNRGEC,118,104,214
samples_design_6_dldesign_6,HER2,her2_rfantibody,RFantibody_ProteinMPNN,/content/drive/MyDrive/her2_project/rfantibody_her2/outputs/extracted/samples_design_6_dldesign_6.pdb,EVQLVESGGGLVQPGGSLRLSCAASGFNIADHYIHWVRQAPGKGLEWVARIYVAGGSTRYADSVKGRFTISADTSKNTAYLQMNSLRAEDTAVYYCSRADADMNLFVWGQGTLVTVSS,DIQMTQSPSSLSASVGDRVTITCTGDQEGFSWYQQKPGKAPKLLIYNDTIRAPGVPSRFSGSRSGTDFTLTISSLQPEDFATYYCVSRYSEPLSFGQGTKVEIK,DIQMTQSPSSLSASVGDRVTITCRASQDVNTAVAWYQQKPGKAPKLLIYSASFLYSGVPSRFSGSRSGTDFTLTISSLQPEDFATYYCQQHYTTPPTFGQGTKVEIKRTVAAPSVFIFPPSDEQLKSGTASVVCLLNNFYPREAKVQWKVDNALQSGNSQESVTEQDSKDSTYSLSSTLTLSKADYEKHKVYACEVTHQGLSSPVTKSFNRGEC,118,104,214
samples_design_6_dldesign_7,HER2,her2_rfantibody,RFantibody_ProteinMPNN,/content/drive/MyDrive/her2_project/rfantibody_her2/outputs/extracted/samples_design_6_dldesign_7.pdb,EVQLVESGGGLVQPGGSLRLSCAASGFSISSVYIHWVRQAPGKGLEWVARIYVAGGTTRYADSVKGRFTISADTSKNTAYLQMNSLRAEDTAVYYCSRANSAMNLYVWGQGTLVTVSS,DIQMTQSPSSLSASVGDRVTITCSTDQEGVSWYQQKPGKAPKLLIYNATTRASGVPSRFSGSRSGTDFTLTISSLQPEDFATYYCVSVYSEPLSFGQGTKVEIK,DIQMTQSPSSLSASVGDRVTITCRASQDVNTAVAWYQQKPGKAPKLLIYSASFLYSGVPSRFSGSRSGTDFTLTISSLQPEDFATYYCQQHYTTPPTFGQGTKVEIKRTVAAPSVFIFPPSDEQLKSGTASVVCLLNNFYPREAKVQWKVDNALQSGNSQESVTEQDSKDSTYSLSSTLTLSKADYEKHKVYACEVTHQGLSSPVTKSFNRGEC,118,104,214
